{
    "waves": {
        "wave1": {
            "Altitude [km]": 21.8085,
            "Latitude [deg]": 42.331843,
            "Longitude [deg]": -103.82995533333333,
            "Vertical wavelength [km]": 1.5758999999999996,
            "Horizontal wavelength [km]": 165.85898984631777,
            "Angle of wave [deg]": 0.8318573164965883,
            "Axial ratio [no units]": 1.7262885875704728,
            "Intrinsic vertical group velocity [m/s]": 0.04141380086256787,
            "Intrinsic horizontal group velocity [m/s]": 4.358684673368915,
            "Intrinsic vertical phase speed [m/s]": -0.06232909831025112,
            "Intrinsic horizontal phase speed [m/s]": -6.559960202912675,
            "Degree of Polarization [WHAT IS THIS???]": 0.8903607463472877,
            "Mysterious parameter Q [who knows]": 11635.231343971242
        }
    }
}