{
    "waves": {
        "wave1": {
            "Altitude [km]": 18.42,
            "Latitude [deg]": -30.235337,
            "Longitude [deg]": -70.54862659999999,
            "Vertical wavelength [km]": 3.4814000000000003,
            "Horizontal wavelength [km]": 390.36748791558637,
            "Angle of wave [deg]": -0.08219726499762592,
            "Axial ratio [no units]": 34.15341131800666,
            "Intrinsic vertical group velocity [m/s]": 0.09598979052149346,
            "Intrinsic horizontal group velocity [m/s]": 10.763282987137003,
            "Intrinsic vertical phase speed [m/s]": -0.09607215298847561,
            "Intrinsic horizontal phase speed [m/s]": -10.772518245749733,
            "Degree of Polarization [WHAT IS THIS???]": 0.983635994530814,
            "Mysterious parameter Q [who knows]": -16728.795601216723
        },
        "wave2": {
            "Altitude [km]": 18.42,
            "Latitude [deg]": -30.235337,
            "Longitude [deg]": -70.54862659999999,
            "Vertical wavelength [km]": 3.3063000000000002,
            "Horizontal wavelength [km]": 272.43972107797487,
            "Angle of wave [deg]": -0.12948337341322927,
            "Axial ratio [no units]": 46.466502904155895,
            "Intrinsic vertical group velocity [m/s]": 0.12407679482935031,
            "Intrinsic horizontal group velocity [m/s]": 10.223950450823368,
            "Intrinsic vertical phase speed [m/s]": -0.12413428740675524,
            "Intrinsic horizontal phase speed [m/s]": -10.228687849653559,
            "Degree of Polarization [WHAT IS THIS???]": 0.9481697943087779,
            "Mysterious parameter Q [who knows]": 10100.511573273825
        }
    }
}